country,quarter,value
KOR,2020-Q3,1.930839008
AUS,2020-Q2,-6.997135639
GBR,2020-Q3,15.50703357
JPN,2020-Q3,4.956975381
OECD,2020-Q3,9
CAN,2020-Q3,10.000005493
BRA,2020-Q2,-9.692975476
USA,2020-Q3,7.4062834
MEX,2020-Q3,12.046025789
TUR,2020-Q2,-11.029809196
IND,2020-Q2,-25.2481
DEU,2020-Q3,8.237409563
IDN,2020-Q3,3.100770289
ZAF,2020-Q2,-16.354871499
RUS,2020-Q2,-3.237636448
ITA,2020-Q3,16.118174692
CHN,2020-Q3,2.7
FRA,2020-Q3,18.231257586
