country,quarter,value
KOR,2020-Q3,-25.2481
AUS,2020-Q2,-16.354871499
GBR,2020-Q3,-11.029809196
JPN,2020-Q3,-9.692975476
OECD,2020-Q3,-6.997135639
CAN,2020-Q3,-3.237636448
BRA,2020-Q2,1.930839008
USA,2020-Q3,2.7
MEX,2020-Q3,3.100770289
TUR,2020-Q2,4.956975381
IND,2020-Q2,7.4062834
DEU,2020-Q3,8.237409563
IDN,2020-Q3,9
ZAF,2020-Q2,10.000005493
RUS,2020-Q2,12.046025789
ITA,2020-Q3,15.50703357
CHN,2020-Q3,16.118174692
FRA,2020-Q3,18.231257586
